seq,coremotion_timestamp,host_timestamp_utc,sensor_location,user_accel_x,user_accel_y,user_accel_z,gravity_x,gravity_y,gravity_z,ax,ay,az,gx,gy,gz
0,4465206.391658626,1790319119.440979000,left,-0.091407537,0.555525661,0.308563054,0.938714325,-0.302112401,0.165962398,0.847306788,0.253413260,0.474525452,0.000160884,-0.033220761,0.030768648
1,4465206.431658626,1790319119.441053900,left,-0.099773645,0.284581214,0.139672905,0.945288599,-0.025075866,0.325270623,0.845514953,0.259505348,0.464943528,-0.000399588,-0.023879441,0.022781957
2,4465206.471658626,1790319119.441083000,left,-0.009306431,0.014726609,-0.002246320,0.853029251,0.250870854,0.457607836,0.843722820,0.265597463,0.455361515,-0.000960061,-0.014538120,0.014795264
3,4465206.511658626,1790319119.483284000,left,-0.009037137,0.011267692,0.006496638,0.855525434,0.247123674,0.454979330,0.846488297,0.258391365,0.461475968,0.008699049,-0.020236518,0.037158161
4,4465206.551658626,1790319119.533465000,left,0.000763357,-0.000858098,-0.005505443,0.852326393,0.255254000,0.456492215,0.853089750,0.254395902,0.450986773,-0.012054470,0.033224680,0.004330315
5,4465206.591658626,1790319119.559876000,left,-0.011243165,0.003000915,0.016945243,0.849222779,0.259495497,0.459872425,0.837979615,0.262496412,0.476817667,-0.016097458,-0.007613163,-0.006256825
6,4465206.631658626,1790319119.603458000,left,-0.011729896,0.006504357,0.009710610,0.851130128,0.257700443,0.457349360,0.839400232,0.264204800,0.467059970,0.022773558,0.000611774,0.017202046
7,4465206.671658626,1790319119.661921000,left,-0.004987061,0.002121121,0.003807068,0.850722432,0.257147491,0.458417714,0.845735371,0.259268612,0.462224782,0.007254472,0.002382422,0.007701108
8,4465206.711658626,1790319119.742405000,left,-0.000923753,0.000875920,-0.001415402,0.850545287,0.257060409,0.458795339,0.849621534,0.257936329,0.457379937,0.006174280,0.008245829,0.002996312
9,4465206.751658626,1790319119.742442100,left,0.002962351,-0.000456393,-0.006260395,0.850545287,0.257060409,0.458795339,0.853507638,0.256604016,0.452534944,0.005094088,0.014109237,-0.001708484
10,4465206.791658626,1790319119.759870000,left,-0.004048765,0.001350045,0.002071291,0.849342644,0.257057935,0.461018473,0.845293880,0.258407980,0.463089764,-0.015965207,0.012660091,-0.015630877
11,4465206.831609125,1790319119.861152200,left,-0.002530473,-0.002799814,0.003248580,0.849620044,0.256968856,0.460556924,0.847089571,0.254169042,0.463805505,0.004921071,-0.008924666,0.002599924
12,4465206.926830667,1790319119.895747000,left,-0.000190986,-0.000655950,-0.006291865,0.849910498,0.256849021,0.460087419,0.849719512,0.256193071,0.453795553,0.001292805,0.002484080,-0.002723378
13,4465207.166830667,1790319120.211866000,left,-0.094902158,0.522078633,0.267125517,0.945384443,-0.266167969,0.188156009,0.850482285,0.255910665,0.455281526,-0.035231605,0.011793672,-0.030245023
14,4465207.206830667,1790319120.211904000,left,-0.089256644,0.246710956,0.113555849,0.939116001,0.010020085,0.343453407,0.849859357,0.256731041,0.457009256,-0.017611613,0.005904332,-0.021877386
15,4465207.246830667,1790319120.241838000,left,-0.044687510,0.096633077,0.039533734,0.892353415,0.162254840,0.421163440,0.847665906,0.258887917,0.460697174,-0.009122605,0.005658180,0.010158461
16,4465207.286830667,1790319120.325361000,left,-0.030235767,0.060343698,0.025141865,0.877681971,0.197543129,0.436635941,0.847446203,0.257886827,0.461777806,-0.011679375,0.000289146,0.007771653
17,4465207.326830667,1790319120.325391000,left,-0.014253199,0.024453178,0.011385590,0.861479819,0.232432559,0.451473027,0.847226620,0.256885737,0.462858617,-0.014236145,-0.005079887,0.005384845
18,4465207.366830668,1790319120.352810900,left,-0.002892852,0.005506292,-0.001476794,0.852770865,0.249878570,0.458630830,0.849878013,0.255384862,0.457154036,-0.004407494,-0.001572727,0.001667142
19,4465207.406830668,1790319120.408805800,left,0.001638710,0.000346929,-0.005804896,0.850162327,0.254229486,0.461076081,0.851801038,0.254576415,0.455271184,-0.021722466,0.024037864,-0.020943111
20,4465207.446830668,1790319120.443609000,left,-0.005194187,0.002940685,0.005486906,0.848522782,0.256257206,0.462969929,0.843328595,0.259197891,0.468456835,-0.013187778,0.018200355,-0.011419977
21,4465207.486830668,1790319120.473605200,left,-0.003119946,-0.001553744,0.005460560,0.848634303,0.256894529,0.462412387,0.845514357,0.255340785,0.467872947,0.002838069,-0.010430945,-0.001750101
22,4465207.526830668,1790319120.532113000,left,-0.001435816,-0.001136661,0.001528680,0.848779976,0.257213652,0.461967498,0.847344160,0.256076992,0.463496178,0.021821558,-0.028589936,0.012280948
23,4465207.566830668,1790319120.569260100,left,-0.007791758,0.008166462,-0.000070512,0.849038959,0.257253051,0.461469352,0.841247201,0.265419513,0.461398840,0.021531321,-0.031165928,0.021937359
24,4465207.606830668,1790319120.635330000,left,-0.005131483,0.003013432,0.001380503,0.849223912,0.257078260,0.461226225,0.844092429,0.260091692,0.462606728,0.013571164,-0.012508741,0.006802999
25,4465207.646830668,1790319120.635366000,left,-0.002471209,-0.002139360,0.002831221,0.849408865,0.256903321,0.460983396,0.846937656,0.254763961,0.463814616,0.005611006,0.006148446,-0.008331359
26,4465207.686830668,1790319120.691079100,left,-0.003934860,0.000668585,0.001571119,0.849584877,0.257505447,0.460322350,0.845650017,0.258174032,0.461893469,0.023309501,-0.009302910,-0.014131347
27,4465207.726830668,1790319120.721199000,left,-0.000470459,0.003427476,-0.006970257,0.850085557,0.257421732,0.459444314,0.849615097,0.260849208,0.452474058,0.012805744,-0.006658265,0.011990365
28,4465207.766830668,1790319120.753233000,left,-0.000381589,-0.000372201,-0.003566235,0.849684775,0.257176697,0.460321277,0.849303186,0.256804496,0.456755042,-0.006882994,0.037829518,-0.015433382
29,4465207.806830668,1790319120.792996000,left,-0.010982156,0.011076272,0.003956139,0.848927975,0.257379323,0.461603165,0.837945819,0.268455595,0.465559304,-0.005134901,0.036792289,0.028473210
30,4465207.846830668,1790319120.833098000,left,-0.017489016,0.013137996,0.014076978,0.848826051,0.257172495,0.461905837,0.831337035,0.270310491,0.475982815,0.022398993,-0.010881104,0.036797214
31,4465207.886830668,1790319120.879068900,left,0.001540720,-0.004606724,0.000420332,0.849204540,0.257143050,0.461225718,0.850745261,0.252536327,0.461646050,0.002536684,-0.026715629,0.011378512
32,4465207.926830668,1790319120.926256000,left,0.005314529,-0.006421626,-0.004767448,0.849077702,0.257138789,0.461461842,0.854392231,0.250717163,0.456694394,-0.002917715,0.008395154,-0.000548111
33,4465207.966830668,1790319120.961110000,left,-0.000630021,-0.000415802,-0.001038939,0.848370254,0.257318467,0.462660879,0.847740233,0.256902665,0.461621940,-0.025087658,0.013529755,-0.018055130
34,4465208.006830668,1790319121.016080900,left,-0.007182121,0.002225012,0.008982748,0.848271787,0.257311195,0.462845296,0.841089666,0.259536207,0.471828043,-0.026082810,-0.012797989,-0.012018013
35,4465208.046830668,1790319121.051188000,left,0.000049174,-0.001677155,-0.004068941,0.848681390,0.257076383,0.462224782,0.848730564,0.255399227,0.458155841,-0.001679230,-0.003862372,0.002928229
36,4465208.086830668,1790319121.081166000,left,0.000782669,-0.001289725,-0.003206164,0.848681390,0.257076383,0.462224782,0.849464059,0.255786657,0.459018618,-0.000122135,-0.001096667,-0.001269038
37,4465208.126830668,1790319121.139057200,left,-0.004199445,0.000989348,0.001378328,0.848681390,0.257076383,0.462224782,0.844481945,0.258065730,0.463603109,0.016141837,-0.019717311,0.020726051
38,4465208.166830668,1790319121.168888000,left,0.000109434,-0.000675797,-0.004053593,0.848739922,0.256923258,0.462202817,0.848849356,0.256247461,0.458149225,-0.000917630,0.027736308,-0.008363282
39,4465208.206830668,1790319121.252891000,left,0.000680745,-0.000011116,-0.005185455,0.848739922,0.256923258,0.462202817,0.849420667,0.256912142,0.457017362,0.002813302,0.014864915,-0.000694831
40,4465208.246830668,1790319121.253077000,left,0.001251996,0.000653535,-0.006317317,0.848739922,0.256923258,0.462202817,0.849991918,0.257576793,0.455885500,0.006544233,0.001993521,0.006973621
41,4465208.286830668,1790319121.281098000,left,-0.000894248,-0.001017839,-0.001301348,0.848166823,0.257026821,0.463195354,0.847272575,0.256008983,0.461894006,-0.003052444,0.027764067,-0.006390144
42,4465208.326830668,1790319121.336221000,left,-0.001741886,-0.003502607,0.002138704,0.847729087,0.257207245,0.463896513,0.845987201,0.253704637,0.466035217,0.003665711,0.007026844,-0.002029462
43,4465208.366830668,1790319121.366647000,left,0.003408074,-0.005951643,-0.005210042,0.848492801,0.256865591,0.462687999,0.851900876,0.250913948,0.457477957,0.011755731,-0.044196729,0.015651280
44,4465208.406830668,1790319121.401746000,left,0.004774094,-0.004107207,-0.009286642,0.848492801,0.256865591,0.462687999,0.853266895,0.252758384,0.453401357,-0.014719866,0.004555531,-0.009497318
45,4465208.446830668,1790319121.456048000,left,0.001503289,-0.002249151,-0.001444548,0.848338902,0.256770581,0.463022351,0.849842191,0.254521430,0.461577803,-0.004035416,0.001248888,-0.002603667
46,4465208.486830668,1790319121.529478000,left,-0.000656843,-0.001096666,-0.001047075,0.848338902,0.256770581,0.463022351,0.847682059,0.255673915,0.461975276,-0.001813431,-0.002505320,-0.000682607
47,4465208.526830669,1790319121.529512000,left,-0.002816975,0.000055820,-0.000649601,0.848338902,0.256770581,0.463022351,0.845521927,0.256826401,0.462372750,0.000408554,-0.006259527,0.001238453
48,4465208.566830669,1790319121.563266000,left,0.000598371,-0.000969768,-0.001431435,0.849058092,0.256411284,0.461902052,0.849656463,0.255441517,0.460470617,0.014813459,-0.022405433,0.014719849
49,4465208.606830669,1790319121.600427200,left,0.003496289,-0.003992319,-0.005235583,0.849365354,0.256205231,0.461451620,0.852861643,0.252212912,0.456216037,-0.000518596,0.001537759,0.003031012
50,4465208.646830669,1790319121.644028000,left,-0.001821458,-0.001760781,0.000624031,0.849243641,0.256218910,0.461667448,0.847422183,0.254458129,0.462291479,0.000374318,-0.002868230,0.000100448
51,4465208.686830669,1790319121.680738000,left,-0.002194464,0.000573486,0.003367901,0.849468887,0.256113172,0.461312115,0.847274423,0.256686658,0.464680016,-0.001521633,-0.007567989,0.005117056
52,4465208.726830669,1790319121.720594000,left,-0.001051366,0.000824779,0.000368595,0.850392520,0.255589396,0.459898949,0.849341154,0.256414175,0.460267544,0.038924288,-0.051709760,0.048898630
53,4465208.766830669,1790319121.768701000,left,0.005779922,-0.001768053,-0.017771602,0.850690007,0.255493343,0.459401727,0.856469929,0.253725290,0.441630125,0.003292117,0.045774084,-0.012038786
54,4465208.806830669,1790319121.842861200,left,0.006650567,-0.005823195,-0.010383606,0.850690007,0.255493343,0.459401727,0.857340574,0.249670148,0.449018121,0.005970447,0.006731663,0.000952735
55,4465208.846830669,1790319121.842907000,left,0.007521272,-0.009878337,-0.002995640,0.850690007,0.255493343,0.459401727,0.858211279,0.245615005,0.456406087,0.008648776,-0.032310758,0.013944254
56,4465208.886830669,1790319121.877569000,left,0.004779696,-0.004785329,-0.002367407,0.850942075,0.255670160,0.458836049,0.855721772,0.250884831,0.456468642,0.019981330,-0.019420963,0.003316955
57,4465208.926830669,1790319121.916531000,left,-0.006220818,0.011400342,-0.008424848,0.850770235,0.256334633,0.458784163,0.844549417,0.267734975,0.450359315,0.000526911,0.004273877,-0.008230189
58,4465208.966830669,1790319121.957268000,left,0.010287821,-0.010876462,-0.015660077,0.850878775,0.255428374,0.459087998,0.861166596,0.244551912,0.443427920,-0.006476598,0.027024776,-0.007699199
59,4465209.006830669,1790319122.016880000,left,0.007901251,-0.012518883,-0.003961176,0.850515664,0.255544007,0.459695995,0.858416915,0.243025124,0.455734819,-0.006549504,0.032091130,-0.014019432
60,4465209.046830669,1790319122.067179000,left,0.001770377,-0.002026945,-0.002836466,0.850309849,0.255981117,0.459834069,0.852080226,0.253954172,0.456997603,-0.001745267,-0.001639631,-0.010464976
61,4465209.086830669,1790319122.122355000,left,0.002600968,-0.003208071,-0.002194077,0.850113809,0.255836248,0.460276902,0.852714777,0.252628177,0.458082825,-0.003992809,0.009588661,-0.008299135
62,4465209.126830669,1790319122.122753100,left,0.003235459,-0.004534006,-0.001108825,0.850113809,0.255836248,0.460276902,0.853349268,0.251302242,0.459168077,-0.006240351,0.020816952,-0.006133293
63,4465209.166830669,1790319122.173167000,left,0.001545966,-0.004609138,-0.002824336,0.849587679,0.256068707,0.461118191,0.851133645,0.251459569,0.463942528,0.000811125,0.018609373,-0.010814819
64,4465209.206830669,1790319122.220327000,left,-0.006810486,0.004189014,0.002579808,0.849587679,0.256068707,0.461118191,0.842777193,0.260257721,0.463698000,0.004006301,-0.004627518,-0.003194919
65,4465209.246830669,1790319122.250238000,left,-0.000914454,0.002370417,-0.006819993,0.849587679,0.256068707,0.461118191,0.848673224,0.258439124,0.454298198,-0.000674598,-0.016907811,0.005298630
66,4465209.286830669,1790319122.281125000,left,0.003687382,-0.004609168,-0.001476198,0.849587679,0.256068707,0.461118191,0.853275061,0.251459539,0.459641993,-0.000847481,0.004013164,-0.001811954
67,4465209.326830669,1790319122.318860000,left,0.001293421,-0.001483768,-0.001398474,0.849244773,0.256436259,0.461544484,0.850538194,0.254952490,0.460146010,-0.005086433,0.029936839,-0.017179566
68,4465209.366830669,1790319122.379310100,left,-0.009735167,0.006908149,0.006282568,0.848886251,0.256646097,0.462087661,0.839151084,0.263554245,0.468370229,-0.010006981,-0.002809856,-0.005105468
