source,runtime,windows,positive_windows,negative_windows,tp,fn,fp,tn,precision,recall,f1,specificity,negative_window_fpr,accuracy
own,PyTorch float,15616,162,15454,158,4,19,15435,0.8926553672316384,0.9753086419753086,0.9321533923303835,0.9987705448427592,0.0012294551572408438,0.9985271516393442
own,Desktop INT8,15616,162,15454,157,5,33,15421,0.8263157894736842,0.9691358024691358,0.8920454545454546,0.9978646305163712,0.002135369483628834,0.9975665983606558
own,Micro / ESP-NN INT8,15616,162,15454,157,5,35,15419,0.8177083333333334,0.9691358024691358,0.8870056497175142,0.99773521418403,0.0022647858159699752,0.9974385245901639
m5_hard_negatives,PyTorch float,1082,0,1082,0,0,67,1015,,,,0.9380776340110906,0.06192236598890943,0.9380776340110906
m5_hard_negatives,Desktop INT8,1082,0,1082,0,0,67,1015,,,,0.9380776340110906,0.06192236598890943,0.9380776340110906
m5_hard_negatives,Micro / ESP-NN INT8,1082,0,1082,0,0,69,1013,,,,0.9362292051756007,0.06377079482439926,0.9362292051756007
CGU_BES,PyTorch float,967,72,895,72,0,25,870,0.7422680412371134,1.0,0.8520710059171598,0.9720670391061452,0.027932960893854747,0.9741468459152016
CGU_BES,Desktop INT8,967,72,895,72,0,34,861,0.6792452830188679,1.0,0.8089887640449438,0.9620111731843576,0.03798882681564246,0.9648397104446742
CGU_BES,Micro / ESP-NN INT8,967,72,895,72,0,35,860,0.6728971962616822,1.0,0.8044692737430168,0.9608938547486033,0.03910614525139665,0.9638055842812823
Cogent,PyTorch float,10942,630,10312,620,10,7,10305,0.988835725677831,0.9841269841269841,0.9864757358790772,0.9993211792086889,0.0006788207913110939,0.9984463535002742
Cogent,Desktop INT8,10942,630,10312,622,8,6,10306,0.9904458598726115,0.9873015873015873,0.9888712241653418,0.9994181536074477,0.0005818463925523662,0.9987205264119905
Cogent,Micro / ESP-NN INT8,10942,630,10312,621,9,4,10308,0.9936,0.9857142857142858,0.9896414342629483,0.9996121024049651,0.0003878975950349108,0.9988119173825626
SFU_IMU,PyTorch float,4509,369,4140,349,20,21,4119,0.9432432432432433,0.94579945799458,0.9445196211096076,0.994927536231884,0.005072463768115942,0.9909070747394101
SFU_IMU,Desktop INT8,4509,369,4140,347,22,28,4112,0.9253333333333333,0.940379403794038,0.9327956989247311,0.9932367149758454,0.00676328502415459,0.9889110667553781
SFU_IMU,Micro / ESP-NN INT8,4509,369,4140,346,23,25,4115,0.9326145552560647,0.9376693766937669,0.9351351351351351,0.9939613526570048,0.006038647342995169,0.9893546240851631
UCI_SimulatedFalls,PyTorch float,16588,2187,14401,2177,10,0,14401,1.0,0.9954275262917238,0.9977085242896425,1.0,0.0,0.9993971545695683
UCI_SimulatedFalls,Desktop INT8,16588,2187,14401,2177,10,1,14400,0.9995408631772268,0.9954275262917238,0.9974799541809851,0.9999305603777515,6.943962224845496e-05,0.9993368700265252
UCI_SimulatedFalls,Micro / ESP-NN INT8,16588,2187,14401,2177,10,0,14401,1.0,0.9954275262917238,0.9977085242896425,1.0,0.0,0.9993971545695683
PAMAP2,PyTorch float,16835,0,16835,0,0,111,16724,,,,0.9934065934065934,0.006593406593406593,0.9934065934065934
PAMAP2,Desktop INT8,16835,0,16835,0,0,103,16732,,,,0.9938817938817939,0.006118206118206118,0.9938817938817939
PAMAP2,Micro / ESP-NN INT8,16835,0,16835,0,0,109,16726,,,,0.9935253935253935,0.006474606474606475,0.9935253935253935
pooled,PyTorch float,66539,3420,63119,3376,44,250,62869,0.9310535024820739,0.9871345029239766,0.9582741981265966,0.9960392274909299,0.003960772509070169,0.9955815386465081
pooled,Desktop INT8,66539,3420,63119,3375,45,272,62847,0.9254181519056759,0.9868421052631579,0.9551436253006934,0.9956906795101317,0.004309320489868344,0.9952358767038879
pooled,Micro / ESP-NN INT8,66539,3420,63119,3373,47,277,62842,0.9241095890410959,0.9862573099415205,0.9541725601131542,0.9956114640599503,0.004388535940049747,0.9951306752430905
